{"stats":{"minecraft:crafted":{"minecraft:oak_planks":40,"minecraft:stone_axe":1,"minecraft:crafting_table":1,"minecraft:stick":4,"minecraft:stone_pickaxe":1},"minecraft:mined":{"minecraft:short_grass":6,"minecraft:oak_log":10,"minecraft:oak_leaves":3},"minecraft:dropped":{"minecraft:crafting_table":1,"minecraft:oak_sapling":1},"minecraft:custom":{"minecraft:time_since_rest":18183,"minecraft:sprint_one_cm":30776,"minecraft:play_time":18183,"minecraft:damage_taken":30,"minecraft:walk_one_cm":13299,"minecraft:drop":2,"minecraft:jump":95,"minecraft:damage_dealt":40,"minecraft:leave_game":1,"minecraft:time_since_death":18183,"minecraft:total_world_time":18183,"minecraft:interact_with_crafting_table":1,"minecraft:fall_one_cm":1438,"minecraft:fly_one_cm":8256},"minecraft:picked_up":{"minecraft:crafting_table":1,"minecraft:red_tulip":1,"minecraft:oak_log":10,"minecraft:oak_sapling":2,"minecraft:cobblestone":7,"minecraft:furnace":1},"minecraft:used":{"minecraft:stone_axe":6}},"DataVersion":3953}