{"stats":{"minecraft:crafted":{"minecraft:crafting_table":1,"minecraft:oak_planks":40},"minecraft:mined":{"minecraft:oak_log":10,"minecraft:oak_leaves":2},"minecraft:dropped":{"minecraft:crafting_table":1,"minecraft:oak_sapling":1},"minecraft:custom":{"minecraft:jump":29,"minecraft:time_since_rest":11375,"minecraft:damage_dealt":30,"minecraft:damage_taken":10,"minecraft:play_time":11375,"minecraft:time_since_death":11375,"minecraft:walk_one_cm":5167,"minecraft:total_world_time":11375,"minecraft:drop":2,"minecraft:fall_one_cm":478,"minecraft:fly_one_cm":122},"minecraft:picked_up":{"minecraft:crafting_table":1,"minecraft:oak_log":10,"minecraft:oak_sapling":2,"minecraft:cobblestone":7}},"DataVersion":3953}