{"stats":{"minecraft:crafted":{"minecraft:oak_planks":40,"minecraft:crafting_table":1,"minecraft:stick":4,"minecraft:stone_pickaxe":1,"minecraft:stone_axe":1,"minecraft:cooked_mutton":5},"minecraft:mined":{"minecraft:furnace":1,"minecraft:short_grass":17,"minecraft:grass_block":2,"minecraft:oak_log":10,"minecraft:dirt":2,"minecraft:tall_grass":1,"minecraft:stone":5,"minecraft:oak_leaves":3},"minecraft:dropped":{"minecraft:crafting_table":1,"minecraft:oak_sapling":1},"minecraft:custom":{"minecraft:time_since_rest":30183,"minecraft:interact_with_furnace":3,"minecraft:sprint_one_cm":75454,"minecraft:damage_taken":265,"minecraft:walk_one_cm":27554,"minecraft:mob_kills":7,"minecraft:drop":2,"minecraft:damage_dealt":1026,"minecraft:interact_with_crafting_table":1,"minecraft:fly_one_cm":24772,"minecraft:open_chest":4,"minecraft:play_time":30183,"minecraft:sneak_time":40,"minecraft:jump":211,"minecraft:time_since_death":30183,"minecraft:leave_game":1,"minecraft:walk_on_water_one_cm":588,"minecraft:total_world_time":30183,"minecraft:fall_one_cm":3145},"minecraft:picked_up":{"minecraft:crafting_table":1,"minecraft:cooked_porkchop":1,"minecraft:leather":2,"minecraft:porkchop":5,"minecraft:oak_log":10,"minecraft:string":3,"minecraft:dirt":3,"minecraft:red_tulip":1,"minecraft:beef":2,"minecraft:gray_wool":1,"minecraft:oak_sapling":2,"minecraft:mutton":3,"minecraft:white_wool":2,"minecraft:cobblestone":11,"minecraft:furnace":2},"minecraft:killed":{"minecraft:sheep":3,"minecraft:pig":2,"minecraft:spider":1,"minecraft:cow":1},"minecraft:used":{"minecraft:cooked_mutton":3,"minecraft:stone_pickaxe":6,"minecraft:stone_axe":35,"minecraft:cooked_porkchop":1,"minecraft:furnace":1,"minecraft:porkchop":2}},"DataVersion":3953}