{"stats":{"minecraft:crafted":{"minecraft:oak_planks":16,"minecraft:cooked_porkchop":3,"minecraft:crafting_table":1,"minecraft:stick":8,"minecraft:wooden_pickaxe":1,"minecraft:stone_pickaxe":1,"minecraft:furnace":2,"minecraft:birch_planks":24,"minecraft:stone_axe":1,"minecraft:air":0},"minecraft:mined":{"minecraft:furnace":2,"minecraft:birch_log":6,"minecraft:crafting_table":1,"minecraft:short_grass":2,"minecraft:red_tulip":1,"minecraft:grass_block":2,"minecraft:oak_log":10,"minecraft:dirt":3,"minecraft:stone":33,"minecraft:oak_leaves":4},"minecraft:dropped":{"minecraft:cobblestone":7},"minecraft:custom":{"minecraft:time_since_rest":18040,"minecraft:interact_with_furnace":6,"minecraft:sprint_one_cm":30116,"minecraft:damage_taken":40,"minecraft:walk_one_cm":15110,"minecraft:mob_kills":9,"minecraft:drop":7,"minecraft:damage_dealt":910,"minecraft:interact_with_crafting_table":7,"minecraft:fly_one_cm":48419,"minecraft:play_time":18040,"minecraft:sneak_time":9,"minecraft:jump":251,"minecraft:leave_game":2,"minecraft:time_since_death":18040,"minecraft:total_world_time":18040,"minecraft:fall_one_cm":6084},"minecraft:killed":{"minecraft:pig":8,"minecraft:cow":1},"minecraft:picked_up":{"minecraft:birch_log":6,"minecraft:crafting_table":1,"minecraft:leather":2,"minecraft:porkchop":33,"minecraft:oak_log":10,"minecraft:dirt":22,"minecraft:rotten_flesh":3,"minecraft:wheat_seeds":1,"minecraft:beef":3,"minecraft:cobblestone":33,"minecraft:furnace":1},"minecraft:used":{"minecraft:birch_planks":4,"minecraft:stone_pickaxe":2,"minecraft:wooden_pickaxe":33,"minecraft:stone_axe":25,"minecraft:dirt":4,"minecraft:crafting_table":1,"minecraft:furnace":2,"minecraft:cooked_porkchop":2}},"DataVersion":3953}