{"stats":{"minecraft:crafted":{"minecraft:cooked_beef":9,"minecraft:oak_planks":16,"minecraft:cooked_porkchop":3,"minecraft:crafting_table":1,"minecraft:stick":8,"minecraft:wooden_pickaxe":1,"minecraft:stone_pickaxe":1,"minecraft:furnace":2,"minecraft:torch":8,"minecraft:birch_planks":24,"minecraft:stone_axe":1,"minecraft:cooked_mutton":4,"minecraft:air":0},"minecraft:mined":{"minecraft:furnace":3,"minecraft:birch_log":6,"minecraft:crafting_table":1,"minecraft:short_grass":2,"minecraft:coal_ore":20,"minecraft:red_tulip":1,"minecraft:grass_block":3,"minecraft:oak_log":10,"minecraft:dirt":3,"minecraft:cobblestone":4,"minecraft:stone":36,"minecraft:oak_leaves":4},"minecraft:dropped":{"minecraft:cooked_porkchop":1,"minecraft:cobblestone":7},"minecraft:custom":{"minecraft:time_since_rest":30040,"minecraft:interact_with_furnace":11,"minecraft:sprint_one_cm":69755,"minecraft:damage_taken":290,"minecraft:walk_one_cm":38024,"minecraft:mob_kills":27,"minecraft:drop":8,"minecraft:damage_dealt":2708,"minecraft:interact_with_crafting_table":7,"minecraft:fly_one_cm":130411,"minecraft:open_chest":2,"minecraft:play_time":30040,"minecraft:sneak_time":55,"minecraft:walk_under_water_one_cm":136,"minecraft:jump":634,"minecraft:leave_game":2,"minecraft:walk_on_water_one_cm":255,"minecraft:time_since_death":30040,"minecraft:total_world_time":30040,"minecraft:fall_one_cm":16556},"minecraft:killed":{"minecraft:sheep":3,"minecraft:pig":10,"minecraft:chicken":2,"minecraft:spider":4,"minecraft:cow":8},"minecraft:picked_up":{"minecraft:birch_log":6,"minecraft:crafting_table":1,"minecraft:feather":2,"minecraft:chicken":2,"minecraft:leather":9,"minecraft:torch":1,"minecraft:porkchop":36,"minecraft:oak_log":10,"minecraft:spider_eye":1,"minecraft:string":1,"minecraft:dirt":23,"minecraft:rotten_flesh":3,"minecraft:wheat_seeds":1,"minecraft:beef":17,"minecraft:coal":23,"minecraft:mutton":6,"minecraft:white_wool":4,"minecraft:cobblestone":40,"minecraft:furnace":2},"minecraft:used":{"minecraft:cooked_mutton":3,"minecraft:birch_planks":4,"minecraft:stone_pickaxe":30,"minecraft:wooden_pickaxe":33,"minecraft:torch":2,"minecraft:rotten_flesh":3,"minecraft:stone_axe":49,"minecraft:dirt":4,"minecraft:crafting_table":1,"minecraft:furnace":3,"minecraft:cooked_porkchop":2}},"DataVersion":3953}