{"stats":{"minecraft:crafted":{"minecraft:oak_planks":16,"minecraft:stone_axe":1,"minecraft:crafting_table":1,"minecraft:stick":8,"minecraft:stone_pickaxe":1,"minecraft:wooden_pickaxe":1},"minecraft:mined":{"minecraft:short_grass":2,"minecraft:grass_block":2,"minecraft:oak_log":4,"minecraft:dirt":2,"minecraft:stone":33,"minecraft:oak_leaves":3},"minecraft:dropped":{"minecraft:cobblestone":7},"minecraft:custom":{"minecraft:time_since_rest":8673,"minecraft:play_time":8673,"minecraft:sprint_one_cm":13848,"minecraft:damage_taken":30,"minecraft:walk_one_cm":6785,"minecraft:sneak_time":8,"minecraft:mob_kills":8,"minecraft:drop":7,"minecraft:jump":88,"minecraft:damage_dealt":810,"minecraft:leave_game":1,"minecraft:time_since_death":8673,"minecraft:total_world_time":8673,"minecraft:interact_with_crafting_table":4,"minecraft:fall_one_cm":1788,"minecraft:fly_one_cm":17007},"minecraft:picked_up":{"minecraft:porkchop":18,"minecraft:oak_log":4,"minecraft:dirt":4,"minecraft:cobblestone":33},"minecraft:killed":{"minecraft:pig":8},"minecraft:used":{"minecraft:stone_axe":11,"minecraft:dirt":3,"minecraft:crafting_table":1,"minecraft:wooden_pickaxe":33}},"DataVersion":3953}